case,damping,tau1,tau2,step,q1,q2,dq1,dq2,energy
unforced_nodamp,0.0,0.0,0.0,0,0.3,-0.8,2.0,-1.5,3.0566866880069155
unforced_nodamp,0.0,0.0,0.0,50,1.3453522774637037,0.780394525418171,1.095375161153986,1.5975840659630274,3.0566866931276393
unforced_nodamp,0.0,0.0,0.0,100,-2.9404055691217836,-0.7595451257902006,2.0423186385685144,-1.6965369642885064,3.056686675712185
unforced_nodamp,0.0,0.0,0.0,150,-1.8705930721954378,0.737433906820522,1.0138458566138353,1.796946116630075,3.0566866819113576
unforced_nodamp,0.0,0.0,0.0,200,0.10127836220353181,-0.7140419415170376,2.08665760996847,-1.8988873209735138,3.056686663065228
unforced_nodamp,0.0,0.0,0.0,250,1.1987590074058856,0.6893494443232546,0.928567609241935,2.0024180748523785,3.0566866704243045
unforced_nodamp,0.0,0.0,0.0,300,-3.1413770679029573,-0.663336069523714,2.133562173949655,-2.1075688442688625,3.0566866498277134
unforced_nodamp,0.0,0.0,0.0,350,-2.0128706496749444,0.6359813084253272,0.8398512228414576,2.214331546482222,3.056686658418671
unforced_nodamp,0.0,0.0,0.0,400,-0.10207173378439904,-0.6072650822886754,2.183436014854571,-2.32264482922607,3.056686635743485
unforced_nodamp,0.0,0.0,0.0,450,1.060968785892534,0.5771685147283523,0.7482984151380995,2.432375276281092,3.056686645555424
unforced_nodamp,0.0,0.0,0.0,500,2.935931554732515,-0.5456750032981228,2.2363997405966867,-2.543294155547764,3.0566866207292067
unforced_damped,0.1,0.0,0.0,0,0.3,-0.8,3.0,-2.0,7.211726730687413
unforced_damped,0.1,0.0,0.0,20,1.0863945047746082,-0.24987473306553332,0.7757899126388046,4.406218311059664,6.824416971673612
unforced_damped,0.1,0.0,0.0,40,1.6856277874117414,0.6736534459280854,2.443799168025701,-0.5451683075034878,6.395376956204935
unforced_damped,0.1,0.0,0.0,60,2.819651628553533,-0.22667914638161246,2.7294590229524816,-2.11317676551612,5.849474386999889
unforced_damped,0.1,0.0,0.0,80,-2.63648547809322,-0.20462588666518666,1.4808369198584392,1.7913106204255824,5.618622853421197
unforced_damped,0.1,0.0,0.0,100,-1.990340450019853,0.3241311881154427,2.021816242782645,0.0510749768407517,5.427692062436108
unforced_damped,0.1,0.0,0.0,120,-1.0811567095113177,-0.027646893574473808,2.297265468962505,-1.0665879658794521,5.18376986765742
unforced_damped,0.1,0.0,0.0,140,-0.2775458334450702,-0.09825994528635551,1.7386619685283333,0.6356045413971995,5.008887903031561
unforced_damped,0.1,0.0,0.0,160,0.41561325917118364,0.1457179431348803,1.8535771337004991,0.19762328859975897,4.872617818026105
unforced_damped,0.1,0.0,0.0,180,1.2072986124510852,0.04197573329523596,2.0236012374800354,-0.46439243543380815,4.711382118465118
unforced_damped,0.1,0.0,0.0,200,1.9766732400420226,-0.03474485990967313,1.8057727272748783,0.13979874373306123,4.560321237346649
torque_step,0.1,8.0,-3.0,0,-1.2,2.4,0.5,4.0,2.7120987366827656
torque_step,0.1,8.0,-3.0,20,0.083365564173834,-2.7402266280563836,4.981902048124896,2.5395190986734595,8.72831328369368
torque_step,0.1,8.0,-3.0,40,1.4427256556470276,-0.8888763602705176,0.8847422887534682,6.826315509569625,12.581910254061444
torque_step,0.1,8.0,-3.0,60,2.743239392432086,-1.0036990902837601,5.383633718127151,-3.880668450944369,21.872122486025127
torque_step,0.1,8.0,-3.0,80,-1.9049424659962204,0.08904744908798934,3.6204463365368644,3.5185873220595,30.104762258601617
torque_step,0.1,8.0,-3.0,100,0.4561528295746342,-0.34759980176219996,3.9016126236022584,6.669273833562107,48.16075495355042
torque_step,0.1,8.0,-3.0,120,3.0227592806382297,-0.21028781604312474,5.183824507171778,5.792466308312026,65.81738097430917
torque_step,0.1,8.0,-3.0,140,-0.3232279265210276,0.0582264627047433,7.790003225319305,0.7432471222959521,85.77285810839354
torque_step,0.1,8.0,-3.0,160,-3.071713291882876,-0.23838609634995178,9.914890909895954,-2.36074589185119,111.43776844338495
torque_step,0.1,8.0,-3.0,180,0.7160078395531784,0.00814566833812691,9.930519272232637,0.6787248222921791,137.17872257077167
torque_step,0.1,8.0,-3.0,200,-1.2595658028080683,-0.09350346660941167,10.468866555320359,2.339699465034776,167.16071654649707
torque_from_rest,0.1,-2.5,8.0,0,0.0,0.0,0.0,0.0,0.0
torque_from_rest,0.1,-2.5,8.0,20,-0.46283044982579646,-2.627637809217392,0.5011913717397432,12.0,23.48607679305188
torque_from_rest,0.1,-2.5,8.0,40,-2.960385872691267,1.199266295665181,-6.843763574942333,-2.1964688073572343,56.07624606707036
torque_from_rest,0.1,-2.5,8.0,60,0.8801206320959327,0.9832635999190256,-7.873255711319103,2.7991864823565957,56.68863855498223
torque_from_rest,0.1,-2.5,8.0,80,-1.6482942452315235,0.7165961704938915,-8.242084021185725,4.8244975468598295,57.854609790526894
torque_from_rest,0.1,-2.5,8.0,100,1.9927889970953263,0.5803804727800843,-8.294892697773955,4.659011589884054,60.68383044483581
torque_from_rest,0.1,-2.5,8.0,120,-0.7604591562319087,0.5542615552939623,-8.135108664079366,3.2837289097660944,64.82161539219054
torque_from_rest,0.1,-2.5,8.0,140,2.6755072765507304,0.549545394502541,-7.752146108384424,1.093337526881367,69.46361431717841
torque_from_rest,0.1,-2.5,8.0,160,-0.24018613960417845,0.4703191280369854,-7.130236485165281,-1.5005522440919281,73.73751423210231
torque_from_rest,0.1,-2.5,8.0,180,3.0733322979579754,0.28569499903887463,-6.857177700700971,-2.587686698417868,77.28479735689842
torque_from_rest,0.1,-2.5,8.0,200,-0.006990700845911135,0.17530240019550947,-7.868523860370442,0.07066564057594854,81.61883901623247
